{"_step":53,"loss":964.9729614257812,"_timestamp":1.738777361943254e+09,"_runtime":17.058493,"_wandb":{"runtime":17}}