{"stage_idx":0,"seed":78762893,"rng_splits":3,"rng_key":[135423515,1368872433],"init_rng_key":[0,78762893],"session_start":"2024-12-12T23:41:23.431107","session_duration":5.792621666666666,"experiment_started":true}