{"action_probs":1,"value":1,"reward":1,"_runtime":502.973319,"_step":3869,"_wandb":{"runtime":503},"loss":0.9555197954177856,"action":1,"_timestamp":1.738554767016042e+09,"consecutive_turns":1,"action_entropy":1}